Year,Beef,Plant based
2000,1.221632653,1.471973684
2022,2.902687747,2.151330275
